{
    "origin": [
        0.5,
        0.9
    ],
    "range": 0.5,
    "reloadTime": 0.5,
    "size": [
        0.6600000262260437,
        0.6600000262260437
    ],
    "sprite": "source"
}