{
    "origin": [
        0.5,
        0.9
    ],
    "range": 0.8,
    "reloadTime": 0.1,
    "size": [
        0.6600000262260437,
        0.6600000262260437
    ],
    "sprite": "SourceDirection"
}