{
    "origin": [
        0.5,
        0.9
    ],
    "range": 0.8,
    "reloadTime": 5,
    "size": [
        0.6600000262260437,
        0.6600000262260437
    ],
    "texture": "source_boomerang"
}