{
    "origin": [
        0.5,
        0.9
    ],
    "range": 0.5,
    "reloadTime": 0.0,
    "size": [
        0.6600000262260437,
        0.6600000262260437
    ],
    "texture": "SourceVaccum"
}