{
    "Distance": [
        {
            "contactDamage": 1,
            "health": 10,
            "lifeTimeBoost": 2,
            "maxHealth": 10,
            "origin": [
                0.5,
                0.8999999761581421
            ],
            "range": 10,
            "reloadTime": 1.5,
            "size": [
                1,
                1
            ],
            "spellDamage": 1,
            "sprite": "distance",
            "startPos": [
                -201.27999877929688,
                -111.04000091552734
            ]
        }
    ],
    "FlyInfo": [
        {
            "damage": 1,
            "divingSpeed": 25,
            "maxHealth": 2,
            "minDistance": 4,
            "radius": 0.5,
            "speed": 7,
            "startPos": [
                -204.47999572753906,
                -119.04000091552734
            ],
            "timeToDecide": 0.5,
            "timeToDive": {
                "kind": 0,
                "mean": 8,
                "min": 0,
                "range": 2
            }
        }
    ],
    "MeleeGuyInfo": [
        {
            "attackOrigin": [
                0,
                -0.4000000059604645
            ],
            "attackPersistence": 0.699999988079071,
            "attackRadius": 0.5,
            "attackRange": 1.5,
            "cd": 2,
            "damage": 1,
            "health": 5,
            "origin": [
                0.5,
                0.8999999761581421
            ],
            "size": [
                0.699999988079071,
                1.2000000476837158
            ],
            "speed": 5,
            "startPos": [
                -212.79998779296875,
                -114.87999725341797
            ],
            "viewRange": 5
        },
        {
            "attackOrigin": [
                0,
                -0.4000000059604645
            ],
            "attackPersistence": 0.699999988079071,
            "attackRadius": 0.5,
            "attackRange": 1.5,
            "cd": 2,
            "damage": 1,
            "health": 5,
            "origin": [
                0.5,
                0.8999999761581421
            ],
            "size": [
                0.699999988079071,
                1.2000000476837158
            ],
            "speed": 5,
            "startPos": [
                -196.1599884033203,
                -114.87999725341797
            ],
            "viewRange": 5
        }
    ],
    "NavigationLinkInfo": [
        {
            "A": 281,
            "B": 282,
            "id": 298
        },
        {
            "A": 285,
            "B": 284,
            "id": 302
        },
        {
            "A": 290,
            "B": 293,
            "id": 306
        },
        {
            "A": 292,
            "B": 294,
            "id": 310
        },
        {
            "A": 286,
            "B": 970,
            "id": 977
        },
        {
            "A": 973,
            "B": 289,
            "id": 981
        }
    ],
    "NavigationPointInfo": [
        {
            "id": 281,
            "links": [
                298
            ],
            "pos": [
                -213.75999450683594,
                -114.23999786376953
            ],
            "range": 0.30000001192092896
        },
        {
            "id": 282,
            "links": [
                298
            ],
            "pos": [
                -206.239990234375,
                -114.23999786376953
            ],
            "range": 0.30000001192092896
        },
        {
            "id": 284,
            "links": [
                302
            ],
            "pos": [
                -195.1999969482422,
                -114.23999786376953
            ],
            "range": 0.30000001192092896
        },
        {
            "id": 285,
            "links": [
                302
            ],
            "pos": [
                -202.72000122070312,
                -114.23999786376953
            ],
            "range": 0.30000001192092896
        },
        {
            "id": 286,
            "links": [
                314,
                977
            ],
            "pos": [
                -213.75999450683594,
                -106.23999786376953
            ],
            "range": 0.30000001192092896
        },
        {
            "id": 289,
            "links": [
                318,
                981
            ],
            "pos": [
                -195.1999969482422,
                -106.23999786376953
            ],
            "range": 0.30000001192092896
        },
        {
            "id": 290,
            "links": [
                306
            ],
            "pos": [
                -200.1599884033203,
                -110.23999786376953
            ],
            "range": 0.30000001192092896
        },
        {
            "id": 292,
            "links": [
                310
            ],
            "pos": [
                -206.239990234375,
                -110.23999786376953
            ],
            "range": 0.30000001192092896
        },
        {
            "id": 293,
            "links": [
                306
            ],
            "pos": [
                -202.72000122070312,
                -110.23999786376953
            ],
            "range": 0.30000001192092896
        },
        {
            "id": 294,
            "links": [
                310
            ],
            "pos": [
                -208.79998779296875,
                -110.23999786376953
            ],
            "range": 0.30000001192092896
        },
        {
            "id": 970,
            "links": [
                977
            ],
            "pos": [
                -207.5,
                -106.25
            ],
            "range": 0.30000001192092896
        },
        {
            "id": 973,
            "links": [
                981
            ],
            "pos": [
                -201.5,
                -106.25
            ],
            "range": 0.30000001192092896
        }
    ],
    "PlateformeInfo": [
        {
            "passable": false,
            "rectangle": [
                -214,
                -114,
                8,
                1
            ]
        },
        {
            "passable": false,
            "rectangle": [
                -203,
                -114,
                8,
                1
            ]
        },
        {
            "passable": false,
            "rectangle": [
                -209,
                -110,
                3,
                1
            ]
        },
        {
            "passable": false,
            "rectangle": [
                -203,
                -110,
                3,
                1
            ]
        },
        {
            "passable": false,
            "rectangle": [
                -216,
                -109,
                1,
                4
            ]
        },
        {
            "passable": false,
            "rectangle": [
                -194,
                -109,
                1,
                4
            ]
        },
        {
            "passable": false,
            "rectangle": [
                -195,
                -119,
                1,
                11
            ]
        },
        {
            "passable": false,
            "rectangle": [
                -194,
                -122,
                1,
                4
            ]
        },
        {
            "passable": false,
            "rectangle": [
                -196,
                -117.5,
                1.5,
                0.5
            ]
        },
        {
            "passable": false,
            "rectangle": [
                -216,
                -122,
                2,
                1
            ]
        },
        {
            "passable": false,