{
    "Distance": [],
    "MeleeGuyInfo": [],
    "NavigationLinkInfo": [],
    "NavigationPointInfo": [],
    "PlateformeInfo": [
        {
            "rectangle": [
                -104.5999984741211,
                -36.880001068115234,
                0.09999847412109375,
                0.29000091552734375
            ]
        },
        {
            "rectangle": [
                -49.34000015258789,
                -3.549999952316284,
                0.10000228881835938,
                0.690000057220459
            ]
        },
        {
            "rectangle": [
                -69.5999984741211,
                -9.359999656677246,
                4.160003662109375,
                0.0
            ]
        },
        {
            "rectangle": [
                -71.19999694824219,
                -10.800000190734863,
                7.9199981689453125,
                0.24000072479248047
            ]
        }
    ],
    "Slime": [],
    "SourceDirectionInfo": [],
    "SourceTargetInfo": [],
    "SourceVaccumInfo": [],
    "maxRect": [
        -104.5999984741211,
        -36.880001068115234,
        55.36000061035156,
        34.02000045776367
    ],
    "source": [],
    "startPos": [
        -70.47999572753906,
        -11.75999927520752
    ],
    "viewSize": [
        19.440040588378906,
        12.150028228759766
    ]
}